CUST IDENTIFIER,GL_ACC, TransactionDate  ,NET_VALUE !!,VALUE,ISO_CURR,state#,Region, Memo  ,Notes,UNUSED,year_added_2024,new_col_202401,CCY_CODE,mystery_2024_01_2,mystery_2024_01_50
C17405,A-7154898,2024-01-02,,8579.44,USD,Closed,UAQ,,,,0,m1,USD,,
C28299,A/71668,,17553.67,17553.67,AED,Pending,RAK,,,,0,,AED,x,
C80339,A-5831047,2024-01-19,,-3745.769111650183,GBP,In Review,DXB,needs review,needs review,,Y24,,GBP,,
,A-5047949,16/01/2024,"7,247.42","7,290.30",GBP,Closed,UAQ,needs review,needs review,,Y24,57,GBP,,
C46496,A-3954580,,,(19140.05),GBP,CANCELLED,SHJ,,,,0,91,GBP,,
C60022,A/75301,17/01/2024,24456.63,24456.63,OMR,Open,SHJ,ok,ok,,0,92,OMR,,
,A-2239740,2024-01-03,4087.69,4087.69,EUR,Closed,AAN,,,,,62,EUR,,
,A-3278272,Jan-18-24,17068,17068,AED,In Review,SHJ,,,,Y24,94,AED,,
C65088,,2024-01-15,(2405.35),not available,SAR,In Review,RAK,,,,Y24,69,SAR,,
C16822,A-7245244,2024-01-28 00:00:00,,17637.200894143625,SAR,CANCELLED,SHJ,ok,ok,,Y24,,SAR,x,
C34047,A-5058248,2024-01-21,19960.23,"19,960.23",GBP,Open,AUH,ok,ok,,0,58,GBP,,
C40257,A-7545545,27 January 2024,16556.20705397916,,OMR,In Review,UAQ,ok,ok,,,59,OMR,,
C95966,A-1847305,23 January 2024,3494.24,3494.24,OMR,Open,RAK,!!!,!!!,,Y24,71,OMR,,
C70050,A-7564612,09/01/2024,"25,473.17",25473.79,AED,In Review,FJR,ok,ok,,Y24,13,AED,,
,A-6111944,04 January 2024,-3276.37,-3276.37,EUR,CANCELLED,RAK,,,,Y24,m1,EUR,x,
C29888,,Jan-17-24,-6339.371837621656,,OMR,,  AAN,ok,ok,,Y24,58,OMR,,
,A-5751945,13/01/2024,1649.426555800384,1638.55,EUR,Open,UAQ,ok,ok,,Y24,95,EUR,,
,A-1877412,2024-01-14 00:00:00,-2744.13,not available,USD,,FJR,ok,ok,,Y24,m1,usd ,,
C52595,A-6629498,10 January 2024,"23,106.27",23044.68071037375,AED,Pending,  RAK,ok,ok,x,Y24,69,AED,,
C74007,A-1648407,02/01/2024,4016.76,3989.718861221294,OMR,Pending,SHJ,,,,1,m1,OMR,,
C62244,A-2837232,16/01/2024,"-2,994.89","-2,994.89",OMR,Open,SHJ,needs review,needs review,,0,68,OMR,,
C28650,A-9173536,2024-01-04,-3840.14,-3840.14,EUR,In Review,RAK,,,,Y24,74,EUR,,
C40399,A/50979,2024-01-13,6522.6,6522.6,AED,Open,FJR,needs review,needs review,,,,AED,,
C55279,A-2794071,32/13/2023,,15679.77,OMR,Closed,SHJ,,,,,m1,OMR,,
C58274,A-1800530,2024-01-12,2877.57,,GBP,,DXB,ok,ok,,Y24,76,GBP,,
C54251,A-7989176,0000-00-00,28954.39,28954.39,EUR,,UAQ,ok,ok,,Y24,,EUR,,
C86617,A-9661975,14/01/2024,"26,876.20",26876.2,EUR,Open,RAK,needs review,needs review,x,Y24,m1,EUR,,
C48745,A-6014046,2024-01-19,,"10,809.95",OMR,Pending,DXB,ملاحظة,ملاحظة,x,Y24,,OMR,x,
C88346,A-1256581,2024-01-27,,23141.31,GBP,,  SHJ,ok,ok,,,89,GBP,,x
C60228,A/18901,2024-01-05 00:00:00,,,SAR,,  AUH,needs review,needs review,,Y24,m1,SAR,,
C21427,A-2623815,Jan-09-24,,"2,224.21",EUR,CANCELLED,FJR,ok,ok,,,79,EUR,,
C78634,A-2552481,2024-01-19 00:00:00,,-3996.4178576524705,AED,In Review,UAQ,!!!,!!!,,1,34,AED,x,
C42609,A-8113373,16 January 2024,24778.47,(24778.47),GBP,CANCELLED,DXB,ok,ok,,Y24,m1,GBP,,
C54322,A-3945769,2024-01-05,,1923.88,USD,Closed,AUH,,,,,,USD,,x
C71787,A-7230571,32/13/2023,18744.29,,GBP,,RAK,ok,ok,,Y24,,GBP,,
C60358,A-8533483,2024-01-15,19593.09460023443,,AED,,SHJ,,,x,,,AED,,
C57732,A-7333058,2024-01-17,9551.59,,OMR,CANCELLED,RAK,needs review,needs review,x,,m1,OMR,,
C13384,A-8722051,25/01/2024,10942.84061303605,,OMR,Open,AUH,needs review,needs review,,Y24,m1,OMR,,
C74948,A/80143,32/13/2023,11969.19543003373,11924.1,OMR,In Review,AAN,,,,Y24,m1,OMR,,
C34845,A-7143502,22/01/2024,-4480.8,-4480.8,USD,Closed,RAK,ملاحظة,ملاحظة,,Y24,m1,USD,,
C99861,A-5832086,13/01/2024,(2878.71),-2914.43879214654,EUR,In Review,DXB,ok,ok,,Y24,,EUR,,
C76827,A-7613628,07/01/2024,21807.41790676346,(21756.57),EUR,,FJR,,,,,m1,EUR,,
C63637,A-9055035,2024-01-13,3260.69,"3,218.38",AED,,RAK,ok,ok,,Y24,51,AED,,
C65429,A-9988885,06/01/2024,19441.344329959997,not available,OMR,,DXB,!!!,!!!,,1,m1,OMR,,
C26480,A-6857349,Jan-23-24,21112.04,"21,112.04",EUR,Closed,UAQ,,,,,95,EUR,,
,A/35430,19/01/2024,24566.07242393201,24571.38,GBP,In Review,FJR,,,,Y24,m1,GBP,,
C56879,A-1653322,22/01/2024,"10,786.47",,AED,Closed,RAK,ملاحظة,ملاحظة,,,m1,AED,,x
C98237,A-8813060,01/01/2024,"7,316.19",7359.74,EUR,,AAN,,,,Y24,44,EUR,,x
C76359,A-1889644,2024-01-05,15103.98389440923,,sar ,CANCELLED,AAN,ok,ok,,0,m1,SAR,,
,,Jan-17-24,25997.72,,EUR,Open,DXB,ok,ok,,,m1,EUR,,
C72146,A-7474754,2024-01-06,(25529.70),25529.7,OMR,Pending,AAN,ok,ok,,,m1,OMR,,
,A-5822975,,14045.14,14091.67660159141,OMR,Open,AUH,ok,ok,,,,omr ,,
C23133,A-1862758,01/01/2024,-6579.39,-6595.460801601171,OMR,,UAQ,,,,Y24,m1,OMR,,
,A-5201613,32/13/2023,"-7,593.04","-7,585.96",SAR,CANCELLED,AAN,ok,ok,,,50,SAR,,
C43401,A-5161996,Jan-02-24,-1731.56,not available,USD,In Review,AUH,,,,,69,USD,,
C92381,A-4905069,2024-01-05,-6046.85,(6046.85),OMR,CANCELLED,AAN,ok,ok,,Y24,29,OMR,,
C64142,A/80397,20/01/2024,22294.8411874481,22314.21907276627,EUR,Open,AAN,ملاحظة,ملاحظة,x,0,m1,EUR,x,x
C71790,A-8380399,2024-01-08,14783.22514898741,,AED,Open,RAK,,,,Y24,m1,AED,,x
C30248,A-5582664,2024-01-10,,-5387.35,GBP,,FJR,,,,1,62,GBP,,
C58622,A-1718623,04/01/2024,569.68,569.68,OMR,,FJR,!!!,!!!,,,,OMR,,
,A/16529,19/01/2024,-7065.76,-7065.76,EUR,,RAK,,,,,73,EUR,,
,A-2980542,15 January 2024,"7,025.75",7025.75,USD,In Review,RAK,ok,ok,,Y24,m1,usd ,,
,A-8841636,32/13/2023,-3654.95,(3654.95),OMR,Open,UAQ,!!!,!!!,,,m1,OMR,,
C56692,A-9767451,2024-01-26,"19,441.52",,GBP,Open,SHJ,ملاحظة,ملاحظة,,Y24,m1,GBP,,
C93136,A-4850288,2024-01-04,2969.28,2969.28,USD,Closed,AUH,,,,Y24,m1,USD,,
C54901,A-6915200,06/01/2024,"-5,475.49",-5515.18,EUR,,  SHJ,ok,ok,,,,EUR,x,
C83810,A-5438500,13/01/2024,,(3664.98),EUR,,SHJ,ok,ok,x,,,EUR,,
C14679,A/21741,04 January 2024,,,GBP,In Review,SHJ,ok,ok,,1,71,GBP,,
C75279,A-9341427,0000-00-00,27207.95,27207.95,GBP,CANCELLED,AAN,ملاحظة,ملاحظة,,,36,GBP,,
C94054,A-6283183,15 January 2024,23537.34,23537.34,EUR,Open,  FJR,ok,ok,,Y24,m1,EUR,,x
C59159,A-1044747,2024-01-10,21203.19566914551,21164.54,USD,,  RAK,needs review,needs review,x,Y24,m1,USD,,
C69153,A-2494762,22/01/2024,not available,,AED,Pending,RAK,,,,,,AED,,
C34605,A-9647995,2024-01-15 00:00:00,3652.17693640761,3570.780756896254,EUR,,AUH,,,,,,EUR,,
C30373,A-4202559,14 January 2024,(9172.80),,EUR,,FJR,,,,Y24,m1,EUR,,
C98611,A-3528643,09 January 2024,17864.88581369856,17870.47,EUR,,SHJ,needs review,needs review,,Y24,m1,EUR,,
C80242,A-1345124,03/01/2024,,17406.73599595162,GBP,Closed,AAN,needs review,needs review,,,66,GBP,,
C35736,,18/01/2024,,3814.76,OMR,In Review,  DXB,!!!,!!!,x,,77,OMR,,x
C62004,A-9692364,2024-01-14 00:00:00,25195.797965972844,25113.008173991784,OMR,Pending,DXB,ok,ok,x,Y24,m1,OMR,x,
C59443,A/15822,2024-01-14,1571.91,1599.244988448962,EUR,In Review,SHJ,needs review,needs review,,,m1,EUR,,
C68177,A-3559334,2024-01-25,-6140.74,-6140.74,EUR,,UAQ,needs review,needs review,,Y24,m1,EUR,,
C20740,A-5984046,14 January 2024,26259.25,26259.25,AED,In Review,DXB,needs review,needs review,,0,m1,AED,,
C24404,A-9917898,2024-01-14,28948.72,28948.72,EUR,Closed,UAQ,ok,ok,,Y24,m1,EUR,,
C31395,A-8205935,26 January 2024,,,USD,,RAK,ok,ok,,,,USD,,
C59056,A-3265769,,8388.51,"8,343.02",GBP,CANCELLED,AUH,!!!,!!!,,Y24,m1,GBP,,
C87746,,24 January 2024,26195.7,26195.7,AED,,UAQ,ok,ok,,Y24,m1,AED,,
,A-5254833,2024-01-17,27734.06,"27,734.06",OMR,Open,RAK,needs review,needs review,,,m1,OMR,,
C21507,A-9377059,26 January 2024,3478.75,3478.75,EUR,,FJR,needs review,needs review,,1,m1,EUR,,
,A-9894234,2024-01-11,3311.24,not available,EUR,,SHJ,needs review,needs review,,,m1,EUR,,
C52824,A-4173183,2024-01-20,27220.64,,USD,,SHJ,ok,ok,,,,USD,,
,A-6848600,17 January 2024,2700.41377589143,"2,729.07",GBP,Pending,AAN,ok,ok,,1,,GBP,,
C39205,A-9775037,2024-01-23,,11389.84832250032,EUR,CANCELLED,FJR,ok,ok,,Y24,m1,EUR,,
C30980,A-6706306,2024-01-19,12315.67,12315.67,OMR,Pending,RAK,ok,ok,,,m1,OMR,,
,,Jan-09-24,not available,23056.83,GBP,Closed,SHJ,ok,ok,,,,GBP,,
,A-5941466,2024-01-01,"-3,202.56",(3238.79),USD,Pending,SHJ,needs review,needs review,,,86,USD,,
C11113,A-2227144,2024-01-24,22175.24,22175.24,EUR,Closed,DXB,,,,Y24,31,EUR,x,
C53096,A-1919177,2024-01-07,521.39,,EUR,Closed,RAK,,,,Y24,m1,EUR,x,
,A-2604444,2024-01-11 00:00:00,"20,631.04",20631.04,EUR,CANCELLED,UAQ,needs review,needs review,,Y24,,eur ,,
C14291,A-4813423,20/01/2024,"3,722.09",3722.09,SAR,In Review,FJR,,,,,m1,SAR,,
C93482,A-8785217,,10003.71,10003.71,EUR,,FJR,!!!,!!!,,,,EUR,,x
C33639,A-4385208,2024-01-24,,19787.58,OMR,,UAQ,,,,Y24,49,OMR,,
C59037,A-7745556,2024-01-09 00:00:00,"11,003.25",11003.25,SAR,CANCELLED,DXB,ok,ok,,Y24,,SAR,x,
C72031,A-8303545,24/01/2024,,,OMR,,AUH,ok,ok,,Y24,,OMR,,
,A-2876938,Jan-17-24,not available,-7311.64,GBP,Open,UAQ,ok,ok,,0,91,GBP,,
C46805,A-2983959,23/01/2024,12530.0195254446,12520.44815700007,SAR,In Review,AAN,ok,ok,,Y24,m1,SAR,,
C98613,A/48937,2024-01-06,4231.480998784009,4197.008589050033,AED,,DXB,needs review,needs review,,,,AED,,
C32850,A-7552260,Jan-02-24,(2643.58),-2667.623738813151,USD,,UAQ,ملاحظة,ملاحظة,,Y24,m1,USD,,
C62083,A-3088138,2024-01-08 00:00:00,1833.496999314199,1853.06,OMR,,AAN,ok,ok,,,m1,OMR,,
C49068,A-9441376,2024-01-13,,27698.62,eur ,Open,SHJ,,,,,,EUR,,
C97391,A-7501264,2024-01-28,10061.58347928288,10026.581375012842,SAR,In Review,  DXB,ok,ok,,Y24,m1,SAR,,
C35834,A-7194203,2024-01-08,10115.98984340403,10083.49,SAR,Open,DXB,needs review,needs review,,,m1,SAR,,
C63859,A-4659281,2024-01-27,29358.59573271432,not available,SAR,,AUH,ملاحظة,ملاحظة,x,Y24,m1,SAR,,
C61127,A-1016480,23 January 2024,27892.28,27892.28,AED,Closed,RAK,needs review,needs review,,,,AED,,
C20071,A/8934,02/01/2024,14103.5,14103.5,USD,In Review,UAQ,needs review,needs review,,Y24,,USD,,
C93386,A-1964654,2024-01-04,,4008.93,OMR,In Review,SHJ,ملاحظة,ملاحظة,,0,m1,OMR,,
C32381,A-5406056,Jan-13-24,-6206.37,-6206.37,AED,Pending,RAK,!!!,!!!,,1,76,AED,,
C68644,A-7266300,2024-01-02 00:00:00,25366.63,25366.63,EUR,,AUH,,,,Y24,89,EUR,,
,A/12298,18 January 2024,not available,(4229.55),aed ,CANCELLED,  FJR,ok,ok,,Y24,51,AED,,
C50987,A-8588100,0000-00-00,(28557.19),,EUR,Open,AUH,,,,Y24,,EUR,,
C99898,A-7596369,,,"25,076.90",AED,In Review,UAQ,ملاحظة,ملاحظة,,Y24,,AED,,
,A-1416332,20 January 2024,,11656.05,USD,,SHJ,ok,ok,,Y24,52,USD,x,
C42817,A-4819903,Jan-24-24,"15,731.40",,GBP,In Review,  RAK,ملاحظة,ملاحظة,,,,GBP,,
C21686,A-7987672,04/01/2024,2740.81,not available,OMR,In Review,SHJ,ملاحظة,ملاحظة,,Y24,,OMR,x,
C77540,A-2131699,2024-01-04 00:00:00,26483.537267547897,26487.72681776493,AED,,UAQ,ok,ok,,Y24,45,AED,,
C15336,A-9258966,,"15,694.42",(15694.76),USD,Open,UAQ,ok,ok,,Y24,38,USD,,
,A-8039961,15/01/2024,,,SAR,,RAK,!!!,!!!,,,m1,SAR,,
C51361,A/9812,Jan-23-24,"8,971.17",8971.17,OMR,In Review,AAN,,,,,,omr ,,x
C50278,,Jan-03-24,1167.22,(1167.22),USD,CANCELLED,DXB,ok,ok,,Y24,m1,USD,x,
C89270,A-2434259,02/01/2024,20422.7,20454.13257124215,USD,Open,DXB,ملاحظة,ملاحظة,,Y24,,USD,,
C46108,A-4936449,32/13/2023,26026.43905059151,25981.31,SAR,,UAQ,,,,,,SAR,,
C93929,A-9044782,0000-00-00,21120.54,"21,120.54",GBP,Open,FJR,,,,Y24,m1,GBP,,
--- HEADER REPEATED BELOW (PAGINATION) ---,,,,,,,,,,,,,,,
CUST IDENTIFIER,GL_ACC, TransactionDate  ,NET_VALUE !!,VALUE,ISO_CURR,state#,Region, Memo  ,Notes,UNUSED,year_added_2024,new_col_202401,CCY_CODE,mystery_2024_01_2,mystery_2024_01_50
C16115,A-7713222,24 January 2024,,7301.261955797057,USD,CANCELLED,RAK,ok,ok,,Y24,59,USD,,
C86333,A/55479,32/13/2023,,24040.9,EUR,CANCELLED,UAQ,needs review,needs review,x,1,94,EUR,,
C42356,A-3130481,02 January 2024,25420.63060628664,,EUR,CANCELLED,RAK,needs review,needs review,x,Y24,m1,EUR,x,
C66293,,Jan-14-24,-3110.99,"-3,071.32",AED,In Review,FJR,ok,ok,x,0,m1,AED,,
C56451,A-6250541,19 January 2024,13508.71,13479.778330916706,omr ,Open,AAN,ok,ok,,1,46,OMR,,x
C45209,A-2874004,2024-01-04 00:00:00,16833.88,16859.75247873515,GBP,Closed,FJR,ok,ok,,Y24,,GBP,,
C59724,A-7577187,32/13/2023,-1766.7,-1766.7,USD,In Review,  UAQ,,,,Y24,m1,USD,,
C44447,A-3133591,Jan-10-24,,-308.32,EUR,Pending,UAQ,needs review,needs review,,Y24,m1,EUR,,
C19295,A-1710526,Jan-22-24,8828.57,"8,828.57",gbp ,CANCELLED,SHJ,ملاحظة,ملاحظة,,Y24,m1,GBP,,
C79673,A-3045864,15/01/2024,,11950.14,SAR,CANCELLED,  AUH,ok,ok,,Y24,,SAR,,
,A/63131,11 January 2024,,1855.96,SAR,,UAQ,,,,1,m1,SAR,,
,A-8527509,05/01/2024,(17607.56),17606.32,GBP,Pending,AUH,,,,0,48,GBP,,
C91109,A-8632511,2024-01-27,24595.85,24595.85,AED,In Review,  DXB,needs review,needs review,,Y24,m1,AED,,
,A-5760318,Jan-10-24,1950.426885959522,(1939.45),AED,Closed,UAQ,ملاحظة,ملاحظة,,1,m1,AED,,
C55513,A-9140726,,14524.872774175717,14544.33,GBP,Open,AAN,,,,Y24,m1,GBP,,
C44691,A-4779101,Jan-13-24,27582.99065141718,not available,USD,Pending,FJR,,,,Y24,54,USD,,
C32046,A-1334176,32/13/2023,3763.04,3739.136459334528,GBP,Pending,AUH,ok,ok,,,28,GBP,,
C32306,A-6930386,Jan-02-24,(25617.87),,EUR,Pending,FJR,ملاحظة,ملاحظة,,0,m1,EUR,,
C55562,A-7126952,2024-01-01,,6370.79,SAR,Closed,AUH,,,,Y24,21,SAR,,
C17711,A-5910157,2024-01-15 00:00:00,1168.96,,EUR,In Review,FJR,,,,,,EUR,,
,A-8187362,2024-01-12,11473.482513934156,"11,403.72",OMR,Pending,DXB,ok,ok,,Y24,m1,OMR,,
C69314,A-7750836,2024-01-24,201.19,237.09,USD,CANCELLED,AAN,needs review,needs review,,Y24,m1,USD,,
C49199,A-8626522,21/01/2024,11305.17,11327.36637101958,EUR,CANCELLED,SHJ,,,,,m1,EUR,,
C50978,A-6569253,2024-01-15,16337.32,,SAR,CANCELLED,  FJR,,,,1,,SAR,,
C98863,A-7280901,28 January 2024,-4242.42,"-4,266.75",EUR,Pending,FJR,ok,ok,,,91,EUR,x,
C55629,,2024-01-22,"8,147.83",not available,AED,,UAQ,needs review,needs review,,0,m1,AED,,
C86767,A-1135649,2024-01-21,8966.25,8966.25,OMR,CANCELLED,DXB,ملاحظة,ملاحظة,,,,OMR,,
C73060,A-7597151,16/01/2024,-4875.442565563147,,AED,In Review,AAN,,,,,,AED,,
C48061,A-3825328,2024-01-13 00:00:00,,,USD,CANCELLED,UAQ,!!!,!!!,x,Y24,,USD,,x
C55653,A/49213,2024-01-20 00:00:00,"-4,031.96","-4,031.96",SAR,,RAK,ok,ok,,Y24,m1,SAR,,
C56690,A-7834045,Jan-24-24,,(1720.44),OMR,Open,AAN,!!!,!!!,,1,m1,OMR,,x
C23616,A-9393167,2024-01-15,,24481.378277922646,SAR,,SHJ,ملاحظة,ملاحظة,,Y24,22,SAR,,x
C13391,A-2574549,24/01/2024,"9,493.61",9493.61,EUR,,DXB,,,x,1,51,EUR,,
C27124,A-2009059,Jan-15-24,(4568.07),-4568.07,SAR,Pending,AAN,needs review,needs review,,1,m1,SAR,,
C24765,,2024-01-11 00:00:00,24944.06,,AED,Open,  AAN,needs review,needs review,x,Y24,49,AED,,
C82239,A-5200688,01/01/2024,,-6555.743453488516,OMR,CANCELLED,AAN,,,,Y24,16,omr ,,
C76166,A-1895900,2024-01-07,26456.05,26477.61485921102,EUR,In Review,FJR,,,,Y24,,EUR,,
C41081,A-9213863,14 January 2024,"8,593.37",,OMR,,AUH,,,,Y24,m1,OMR,,
C41472,A-6913815,14/01/2024,-2964.8,,SAR,Open,FJR,ok,ok,,Y24,m1,SAR,,
C77544,,Jan-12-24,not available,11135.21,USD,CANCELLED,RAK,ok,ok,,1,,USD,,
C75612,A-6845412,2024-01-05,29282.04664411633,(29342.02),GBP,Pending,AUH,ملاحظة,ملاحظة,,,,GBP,,
,A-4201132,0000-00-00,26082.4,"26,040.03",omr ,Pending,AUH,,,x,Y24,m1,OMR,,
C93149,A/75480,Jan-21-24,14530.48,14530.48,GBP,Pending,AAN,ملاحظة,ملاحظة,,,m1,GBP,,
C60276,A-3341175,2024-01-06 00:00:00,(11266.14),11266.14,EUR,Closed,RAK,needs review,needs review,,Y24,32,EUR,,
C74568,A-5843816,11/01/2024,(4496.62),-4496.62,GBP,,DXB,ملاحظة,ملاحظة,x,Y24,m1,GBP,,
C80575,A-5597785,Jan-18-24,4688.875052193891,4643.2,GBP,CANCELLED,  DXB,,,x,Y24,m1,GBP,,
C85240,A-2583296,17 January 2024,-4987.11,not available,SAR,In Review,FJR,,,,Y24,m1,SAR,,
C65982,A-5346943,0000-00-00,6285.6,"6,285.60",EUR,,AUH,ok,ok,,0,m1,EUR,,
C34631,A-1971408,2024-01-09,29308.68033230537,,EUR,CANCELLED,FJR,ملاحظة,ملاحظة,,1,,EUR,,
C68450,A-6149037,2024-01-05,21040.79,,USD,,SHJ,ok,ok,x,,,USD,,
C41604,A-4136699,32/13/2023,not available,8072.65,AED,Pending,AUH,,,,Y24,93,AED,,
C57634,A-2272482,26/01/2024,(9637.11),9685.648963992142,AED,CANCELLED,UAQ,ok,ok,x,Y24,,AED,x,
C30452,,05/01/2024,-7146.25,,USD,In Review,DXB,!!!,!!!,,0,,USD,,
C35052,A-3630983,2024-01-13 00:00:00,13333.76371964037,13362.41,USD,In Review,AUH,ok,ok,,,m1,USD,,
,A-6682642,2024-01-10,"28,972.33",,OMR,Open,RAK,ok,ok,,Y24,m1,OMR,,
C18367,,Jan-22-24,23060.54,,AED,,AUH,,,,Y24,m1,AED,,
C14525,A-3884890,24/01/2024,-3246.43,,USD,CANCELLED,RAK,ok,ok,,,m1,USD,,
C17201,A-6716798,Jan-26-24,24752.691787691834,not available,OMR,CANCELLED,SHJ,ok,ok,,Y24,,OMR,,
C33933,A-7639549,32/13/2023,4814.36,not available,GBP,Pending,SHJ,needs review,needs review,,Y24,m1,GBP,,
C76775,A-9273504,2024-01-18,"4,209.67",,SAR,CANCELLED,AUH,ok,ok,,,62,SAR,,
C91231,A-8057013,Jan-06-24,"24,201.03",24209.37042187226,eur ,Open,DXB,needs review,needs review,,Y24,m1,EUR,,
,A-4513105,2024-01-14,not available,,AED,CANCELLED,DXB,,,,,19,AED,x,
C10259,A-1619168,22/01/2024,12907.96300082151,"12,954.89",OMR,Open,DXB,needs review,needs review,,Y24,m1,OMR,,
C89503,A-1289087,2024-01-06,"4,983.51",4979.6,OMR,Open,RAK,ok,ok,,Y24,,OMR,,
C81258,A-5114595,Jan-18-24,-453.1162370932236,-473.05,AED,Open,FJR,needs review,needs review,,Y24,65,AED,,
C50036,A-2900816,2024-01-05 00:00:00,,(6554.99),GBP,CANCELLED,  RAK,ملاحظة,ملاحظة,,Y24,,GBP,,
C14174,A-9537009,2024-01-18,4488.987157835691,4504.63,GBP,CANCELLED,FJR,ok,ok,,,45,GBP,,
C53812,A-7481605,2024-01-16,29297.42,29297.42,EUR,Closed,AUH,ملاحظة,ملاحظة,,Y24,,EUR,,
C19481,A-5210966,2024-01-08,,9046.51,omr ,Closed,AAN,ok,ok,,,m1,OMR,,
C89104,A-9347362,0000-00-00,,(28518.78),AED,Closed,DXB,needs review,needs review,,Y24,m1,AED,,
C16541,A/30884,26/01/2024,150.72,not available,USD,Closed,  AAN,ok,ok,,Y24,,usd ,x,
C36455,A-6471285,32/13/2023,26961.6808511119,,GBP,Pending,AUH,!!!,!!!,,Y24,m1,GBP,,
C53477,A-1757497,16/01/2024,25517.95459024953,25531.49048154538,sar ,,RAK,!!!,!!!,,,32,SAR,,
C94115,A-6533298,2024-01-07 00:00:00,"-5,179.01",-5156.02,USD,Closed,AUH,ok,ok,x,Y24,m1,USD,,
C75115,A-6623290,,29825.63,29788.418796668266,OMR,Closed,AAN,ok,ok,,,,OMR,,
C19822,A-2537893,2024-01-10 00:00:00,7018.429500647175,7025.975540369423,GBP,Pending,  FJR,needs review,needs review,,,,GBP,,
,A-5369928,Jan-26-24,7307.77,7307.77,OMR,Pending,RAK,,,,Y24,32,OMR,,x
C99345,A/62852,Jan-12-24,3269.01,3269.01,OMR,Open,  AUH,!!!,!!!,,,m1,OMR,,
C29080,A/28612,28/01/2024,-6389.21,-6389.21,EUR,CANCELLED,UAQ,needs review,needs review,,1,,EUR,,
C10983,A/86978,32/13/2023,5596.78,5596.78,GBP,Open,RAK,ok,ok,,Y24,m1,GBP,,
C80966,A-5422754,Jan-26-24,26140.35,,GBP,,FJR,ok,ok,,,55,GBP,,x
C40883,A-5899765,Jan-18-24,14050.85456138549,14014.22,SAR,,FJR,needs review,needs review,,,m1,SAR,,
,A-5440932,2024-01-09,24132.506704525073,24086.8,OMR,In Review,DXB,!!!,!!!,,,m1,OMR,,
C12077,A-5439484,2024-01-25 00:00:00,-6514.205885897497,"-6,548.87",OMR,CANCELLED,AAN,,,,0,,OMR,,
C77890,A-2779133,32/13/2023,23413.60269352267,23368.85,USD,,UAQ,,,x,Y24,,USD,,
,A-8781328,Jan-24-24,15961.83,15961.83,SAR,,DXB,needs review,needs review,,Y24,,SAR,,
C58458,A-7942622,2024-01-09,,-3117.93,EUR,Closed,AUH,needs review,needs review,,,m1,EUR,,
C74073,A-7183666,Jan-14-24,-2781.303596197818,(2808.80),OMR,In Review,FJR,,,,Y24,m1,omr ,,
,A-9242315,Jan-05-24,11595.36,11595.36,EUR,Closed,UAQ,ok,ok,x,0,m1,EUR,,
C56756,A-9105848,25 January 2024,not available,27239.64,USD,In Review,SHJ,,,,Y24,,usd ,,
,A-1099860,2024-01-16,(26751.11),(26751.11),AED,Open,RAK,!!!,!!!,,,m1,AED,,
,A-7671703,07 January 2024,14316.51,14316.51,sar ,In Review,UAQ,,,,1,86,SAR,x,
,A-3622230,2024-01-03,,6380.17,AED,Pending,AUH,needs review,needs review,,Y24,m1,AED,,
,A-6404983,0000-00-00,22405.37,22436.85285338969,SAR,,AUH,ok,ok,,Y24,m1,SAR,x,
C90015,A-1341507,2024-01-19,26898.46,26888.63694565852,OMR,,FJR,!!!,!!!,,Y24,44,OMR,,
,A-9162598,24/01/2024,"-1,276.84",-1276.84,SAR,Closed,DXB,ok,ok,,Y24,19,SAR,,x
C12240,A-4983634,2024-01-02 00:00:00,5594.86322456275,,AED,Closed,FJR,needs review,needs review,,Y24,,AED,,
C77277,A-9150770,32/13/2023,(21103.26),21103.26,GBP,CANCELLED,SHJ,ok,ok,,Y24,m1,gbp ,x,
C10400,A-4963654,Jan-02-24,(13772.20),"13,739.61",USD,Open,DXB,needs review,needs review,,0,,USD,,
C88549,A-8844269,2024-01-06 00:00:00,20210.54,20210.54,OMR,Open,RAK,,,,Y24,m1,OMR,,
C57086,A-9500829,12/01/2024,"18,674.87",18674.87,sar ,,AUH,needs review,needs review,,,m1,SAR,,
C17163,A-8225018,11/01/2024,not available,6202.53,sar ,Closed,AAN,!!!,!!!,,Y24,,SAR,,
C86308,A-2730751,2024-01-05,-2821.84,,GBP,Closed,AAN,ملاحظة,ملاحظة,,Y24,m1,GBP,,
C15998,A-5918132,Jan-27-24,10078.14264919575,10028.19,SAR,,UAQ,ok,ok,,,24,SAR,,
C91976,A-7472826,10/01/2024,18072.01,,SAR,In Review,UAQ,!!!,!!!,,0,,SAR,x,x
C52496,A-7309812,2024-01-22,12010.97,12010.97,USD,,DXB,ok,ok,,Y24,,USD,,
C20562,A/63659,2024-01-26,,1450.47,GBP,In Review,FJR,needs review,needs review,,Y24,32,GBP,,
C56162,A-2579751,02/01/2024,19599.75676136169,19581.18301081728,USD,,SHJ,needs review,needs review,,Y24,m1,USD,x,
C61430,A-6762297,32/13/2023,2431.841584347621,,GBP,,AAN,ok,ok,,Y24,,GBP,,
C56012,A-8120118,2024-01-28,not available,18384.12287057972,USD,CANCELLED,DXB,ok,ok,,,61,USD,,
C92850,A-3529890,2024-01-24,"2,299.38",2299.38,EUR,,SHJ,,,,Y24,m1,EUR,,
C13796,A-4366022,11 January 2024,,27504.96,USD,In Review,DXB,,,,Y24,63,USD,,
C27435,A-6129621,14 January 2024,,-4139.784330418663,OMR,Closed,FJR,ok,ok,,0,m1,OMR,,
C91577,A-6277019,2024-01-28 00:00:00,,,SAR,In Review,SHJ,ok,ok,,0,97,SAR,,x
,A-2030516,2024-01-27,12806.35,12840.97585378602,SAR,In Review,AAN,,,,0,,SAR,,
C21034,A-1100268,2024-01-03 00:00:00,25585.1,25585.1,AED,CANCELLED,FJR,,,,Y24,m1,AED,,
C40331,A-1743517,Jan-01-24,,,EUR,CANCELLED,  DXB,needs review,needs review,,Y24,,EUR,,
C26858,A-4067996,,21320.71,,OMR,Pending,FJR,ok,ok,,Y24,27,omr ,,
C45660,A-1521217,2024-01-10,,16007.563039339666,OMR,In Review,SHJ,ملاحظة,ملاحظة,,Y24,m1,OMR,,
C98606,A-7064110,05/01/2024,4344.63,4308.349471905146,OMR,,FJR,!!!,!!!,,Y24,m1,OMR,,x
C97564,A/29925,09 January 2024,17572.02,17572.02,OMR,,FJR,needs review,needs review,,Y24,m1,OMR,,
C49237,,09/01/2024,(27649.11),"27,672.77",OMR,In Review,AUH,ملاحظة,ملاحظة,,Y24,,OMR,,
C49164,A-2029764,2024-01-19,9872.32,9855.662319175024,AED,Open,RAK,ملاحظة,ملاحظة,,,m1,AED,x,x
C54382,A-7571674,Jan-04-24,(17011.94),17011.94,GBP,In Review,FJR,needs review,needs review,x,Y24,17,GBP,,
C94944,A/43602,2024-01-06,"2,146.33",2160.45,eur ,CANCELLED,  SHJ,ok,ok,,0,39,EUR,,
C82587,A-3024336,03 January 2024,23926.77,,EUR,In Review,AUH,,,x,Y24,m1,EUR,,x
C47983,A/94601,2024-01-18 00:00:00,(25297.56),25286.5,EUR,Pending,RAK,ok,ok,,Y24,m1,EUR,,
C63338,A-4806355,2024-01-08,28441.21,28441.21,GBP,Closed,AAN,ملاحظة,ملاحظة,,Y24,,GBP,,
C76004,,01 January 2024,,"3,572.87",OMR,Pending,RAK,needs review,needs review,x,,,OMR,,
C67859,A/61078,2024-01-15 00:00:00,,8768.01,OMR,CANCELLED,UAQ,needs review,needs review,x,Y24,40,OMR,,
